{"cameraMode":{"drawMode":0,"name":"Shaded","section":"Shading Mode"},"sceneLighting":true,"audioPlay":false,"sceneViewState":{"showFog":true,"showMaterialUpdate":false,"showSkybox":false,"showFlares":true,"showImageEffects":true,"showParticleSystems":true},"in2DMode":false,"pivot":{"x":-0.2595677971839905,"y":0.30189958214759829,"z":-0.7313536405563355},"rotation":{"x":0.4881717264652252,"y":-0.00392747251316905,"z":0.0021969364024698736,"w":0.8727352023124695},"size":4.525381088256836,"orthographic":false}