{"cameraMode":{"drawMode":0,"name":"Shaded","section":"Shading Mode"},"sceneLighting":true,"audioPlay":false,"sceneViewState":{"showFog":true,"showMaterialUpdate":false,"showSkybox":false,"showFlares":true,"showImageEffects":true,"showParticleSystems":true},"in2DMode":false,"pivot":{"x":-1.8176108598709107,"y":2.280627489089966,"z":-1.4815930128097535},"rotation":{"x":0.4055265784263611,"y":0.15241150557994843,"z":-0.06877676397562027,"w":0.8986602425575256},"size":0.5411924123764038,"orthographic":false}